ID,CHROM,POS,REF,ALT,REF.counts,ALT.counts,Total.counts,AR,RMbias,RAF,Bayes_lower,Bayes_upper,Corrected.AR,isASB,peak_name,Allvar.isASB,genotype,asb_allele,peak.isASB,TF,chr,loc,chr_GC,pos,ID_GC,ref,alt,loc_GC,genotype_GC,TF_gene,binding_status,ID_pos
1:161566341:C:T,chr1,161566341,C,T,8,1,9,0.8888888888888891,0.8497250162515899,0.5,0.711797100142085,0.999048325332546,0.855422712737315,True,chr1:161566240:161566510,True,0|1,H1,True,SMC3,1,1:161566341,1,161566341,rs332398,C,T,1:161566341:C:T,0|1,FOXM1,bound>unbound,1:161566341:C:T
1:161566341:C:T,chr1,161566341,C,T,30,4,34,0.882352941176471,0.517697530327046,0.5,0.734037350863103,0.9378971336252799,0.8359672422441908,True,chr1:161566126:161566570,True,0|1,H1,True,TRIM22,1,1:161566341,1,161566341,rs332398,C,T,1:161566341:C:T,0|1,FOXM1,bound>unbound,1:161566341:C:T
10:124791987:T:C,chr10,124791987,T,C,46,1,47,0.9787234042553192,0.891830829508772,0.5,0.9359888565476858,0.999791136838904,0.9678899966932952,True,chr10:124791528:124792345,True,0|1,H1,True,POLR2A,10,10:124791987,10,124791987,rs10901821,T,C,10:124791987:T:C,0|1,FOXM1,bound>unbound,10:124791987:T:C
10:124791987:T:C,chr10,124791987,T,C,21,1,22,0.954545454545455,0.880416191009239,0.5,0.874211351573032,0.999945949245168,0.9370786504090999,True,chr10:124791767:124792036,True,0|1,H1,True,ZNF143,10,10:124791987,10,124791987,rs10901821,T,C,10:124791987:T:C,0|1,FOXM1,bound>unbound,10:124791987:T:C
12:108730938:A:G,chr12,108730938,A,G,10,1,11,0.9090909090909092,0.8962962437431841,0.5,0.766546549450559,0.9999996012685728,0.8832730753595659,True,chr12:108730324:108731219,True,1|0,H2,True,POLR2A,12,12:108730938,12,108730938,rs11114042,A,G,12:108730938:A:G,1|0,FOXK2,bound>unbound,12:108730938:A:G
17:64506317:A:G,chr17,64506317,A,G,49,2,51,0.96078431372549,0.8962962437431841,0.5,0.906110363056342,0.99638839626262,0.9512493796594808,True,chr17:64504825:64507559,True,0|1,H1,True,POLR2A,17,17:64506317,17,64506317,rs1991401,A,G,17:64506317:A:G,0|1,FOXK2,bound>unbound,17:64506317:A:G
17:64506317:A:G,chr17,64506317,A,G,29,1,30,0.966666666666667,0.8140055714511191,0.5,0.8895414839506189,0.9994527593376898,0.9444971216441552,True,chr17:64506196:64506420,True,0|1,H1,True,TBP,17,17:64506317,17,64506317,rs1991401,A,G,17:64506317:A:G,0|1,FOXK2,bound>unbound,17:64506317:A:G
18:79964726:A:C,chr18,79964726,A,C,15,2,17,0.882352941176471,0.885151805809152,0.5,0.75893239812445,0.996460793326871,0.8776965957256601,True,chr18:79964345:79964874,True,1|0,H2,True,POLR2A,18,18:79964726,18,79964726,rs8095764,A,C,18:79964726:A:C,1|0,FOXK2,bound>unbound,18:79964726:A:C
19:18280361:C:T,chr19,18280361,C,T,18,1,19,0.9473684210526321,0.876088195225606,0.5,0.8351053980380191,0.9995104468400948,0.9173079224390568,True,chr19:18279945:18283009,True,1|0,H2,True,POLR2A,19,19:18280361,19,18280361,rs7249,C,T,19:18280361:C:T,1|0,FOXM1,bound>unbound,19:18280361:C:T
22:37633716:A:G,chr22,37633716,A,G,12,1,13,0.923076923076923,0.8962962437431841,0.5,0.799973700069201,0.999934456889712,0.8999540784794559,True,chr22:37633533:37634361,True,1|0,H2,True,POLR2A,22,22:37633716,22,37633716,rs12710562,A,G,22:37633716:A:G,1|0,FOXM1,bound>unbound,22:37633716:A:G
22:37633716:A:G,chr22,37633716,A,G,12,1,13,0.923076923076923,0.8962962437431841,0.5,0.799973700069201,0.999934456889712,0.8999540784794559,True,chr22:37633533:37634361,True,1|0,H2,True,POLR2A,22,22:37633716,22,37633716,rs12710562,A,G,22:37633716:A:G,1|0,FOXK2,bound>unbound,22:37633716:A:G
22:37633716:A:G,chr22,37633716,A,G,16,2,18,0.8888888888888891,0.721413420802736,0.5,0.7296288786785141,0.983978706269258,0.856803792473886,True,chr22:37633625:37633865,True,1|0,H2,True,SRF,22,22:37633716,22,37633716,rs12710562,A,G,22:37633716:A:G,1|0,FOXM1,bound>unbound,22:37633716:A:G
22:37633716:A:G,chr22,37633716,A,G,16,2,18,0.8888888888888891,0.721413420802736,0.5,0.7296288786785141,0.983978706269258,0.856803792473886,True,chr22:37633625:37633865,True,1|0,H2,True,SRF,22,22:37633716,22,37633716,rs12710562,A,G,22:37633716:A:G,1|0,FOXK2,bound>unbound,22:37633716:A:G
2:231483954:A:G,chr2,231483954,A,G,24,2,26,0.923076923076923,0.8962962437431841,0.5,0.8321791686914559,0.998086297280294,0.915132732985875,True,chr2:231482656:231484262,True,1|0,H2,True,POLR2A,2,2:231483954,2,231483954,rs10210351,A,G,2:231483954:A:G,1|0,FOXK2,bound>unbound,2:231483954:A:G
5:80654962:A:G,chr5,80654962,A,G,23,1,24,0.958333333333333,0.8962962437431841,0.5,0.880873757080905,0.9998569405964132,0.9403653488386592,True,chr5:80654087:80655392,True,1|0,H2,True,POLR2A,5,5:80654962,5,80654962,rs1650697,A,G,5:80654962:A:G,1|0,FOXK2,bound>unbound,5:80654962:A:G
7:105012818:A:G,chr7,105012818,A,G,48,4,52,0.923076923076923,0.8962962437431841,0.5,0.8618989220048159,0.989460040328071,0.9256794811664428,True,chr7:105012272:105014756,True,0|1,H1,True,POLR2A,7,7:105012818,7,105012818,rs2192932,A,G,7:105012818:A:G,0|1,FOXK2,bound>unbound,7:105012818:A:G
17:75412738:A:G,chr17,75412738,A,G,41,6,47,0.8723404255319149,0.5358820036722061,0.5,0.7449413103160959,0.933103935350043,0.83902262283307,True,chr17:75412676:75412841,True,1|0,H2,True,RAD21,17,17:75412738,17,75412738,rs9908820,A,G,17:75412738:A:G,1|0,FOXK2,bound>unbound,17:75412738:A:G
17:75412738:A:G,chr17,75412738,A,G,11,1,12,0.916666666666667,0.533523371300073,0.5,0.6340456935126899,0.9793990400368092,0.806722366774749,True,chr17:75412545:75412975,True,1|0,H2,True,BCLAF1,17,17:75412738,17,75412738,rs9908820,A,G,17:75412738:A:G,1|0,FOXK2,bound>unbound,17:75412738:A:G
17:75412738:A:G,chr17,75412738,A,G,19,1,20,0.95,0.5364341764915039,0.5,0.7588856946971071,0.981423465845887,0.8701545802714971,True,chr17:75412706:75412869,True,1|0,H2,True,CTCF,17,17:75412738,17,75412738,rs9908820,A,G,17:75412738:A:G,1|0,FOXK2,bound>unbound,17:75412738:A:G
17:75412738:A:G,chr17,75412738,A,G,18,1,19,0.9473684210526321,0.535925803210498,0.5,0.7541044156950679,0.979415795011649,0.866760105353359,True,chr17:75412653:75412903,True,1|0,H2,True,CTCF,17,17:75412738,17,75412738,rs9908820,A,G,17:75412738:A:G,1|0,FOXK2,bound>unbound,17:75412738:A:G
2:54572462:G:T,chr2,54572462,G,T,27,2,29,0.931034482758621,0.5549355339959661,0.5,0.781029337297528,0.974255290253729,0.877642313775629,True,chr2:54572322:54572537,True,0|1,H1,True,RUNX3,2,2:54572462,2,54572462,rs10205410,G,T,2:54572462:G:T,0|1,MAFK,bound>unbound,2:54572462:G:T
2:54572462:G:T,chr2,54572462,G,T,62,8,70,0.8857142857142858,0.51797476898366,0.5,0.786813765132557,0.932074525812483,0.85944414547252,True,chr2:54572293:54572560,True,0|1,H1,True,ATF7,2,2:54572462,2,54572462,rs10205410,G,T,2:54572462:G:T,0|1,MAFK,bound>unbound,2:54572462:G:T
1:9239888:T:G,chr1,9239888,T,G,17,3,20,0.85,0.54502570535719,0.5,0.648827174374881,0.9437267785501948,0.7962769764625379,True,chr1:9239742:9240048,True,0|1,H1,True,EED,1,1:9239888,1,9239888,rs2268176,T,G,1:9239888:T:G,0|1,MAFK,bound>unbound,1:9239888:T:G
1:9239888:T:G,chr1,9239888,T,G,19,4,23,0.826086956521739,0.5125880773998921,0.5,0.647067772620084,0.9371678642085228,0.7921178184143041,True,chr1:9239614:9239970,True,0|1,H1,True,NR2C1,1,1:9239888,1,9239888,rs2268176,T,G,1:9239888:T:G,0|1,MAFK,bound>unbound,1:9239888:T:G
5:177412897:T:C,chr5,177412897,T,C,10,1,11,0.9090909090909092,0.526980029300684,0.5,0.61859593856595,0.974491827847931,0.79654388320694,True,chr5:177412768:177413252,True,0|1,H1,True,EED,5,5:177412897,5,177412897,rs2731673,T,C,5:177412897:T:C,0|1,POU2F2,bound>unbound,5:177412897:T:C
6:27837477:A:C,chr6,27837477,A,C,8,1,9,0.8888888888888891,0.894987114533498,0.5,0.724984330583338,0.9995984946085428,0.8622914125959399,True,chr6:27837353:27837597,True,1|0,H2,True,NRF1,6,6:27837477,6,27837477,rs34706883,A,C,6:27837477:A:C,1|0,FOXK2,bound>unbound,6:27837477:A:C
19:19405624:A:G,chr19,19405624,A,G,15,2,17,0.882352941176471,0.5223488370552329,0.5,0.655734710278428,0.9503794258938579,0.803057068086143,True,chr19:19405466:19405676,True,0|1,H1,True,EGR1,19,19:19405624,19,19405624,rs2916068,A,G,19:19405624:A:G,0|1,FOXK2,bound>unbound,19:19405624:A:G
22:38199253:A:T,chr22,38199253,A,T,37,8,45,0.8222222222222221,0.520668238635052,0.5,0.6797902985858401,0.890838947597677,0.7853146230917579,True,chr22:38199245:38199585,True,1|0,H2,True,IKZF1,22,22:38199253,22,38199253,rs5750561,A,T,22:38199253:A:T,1|0,FOXM1,bound>unbound,22:38199253:A:T
22:38199253:A:T,chr22,38199253,A,T,37,8,45,0.8222222222222221,0.520668238635052,0.5,0.6797902985858401,0.890838947597677,0.7853146230917579,True,chr22:38199245:38199585,True,1|0,H2,True,IKZF1,22,22:38199253,22,38199253,rs5750561,A,T,22:38199253:A:T,1|0,FOXK2,bound>unbound,22:38199253:A:T
22:38199253:A:T,chr22,38199253,A,T,29,5,34,0.852941176470588,0.522814596803367,0.5,0.7072832662221441,0.9321165263127452,0.8196998962674449,True,chr22:38199249:38199819,True,1|0,H2,True,MTA2,22,22:38199253,22,38199253,rs5750561,A,T,22:38199253:A:T,1|0,FOXM1,bound>unbound,22:38199253:A:T
22:38199253:A:T,chr22,38199253,A,T,29,5,34,0.852941176470588,0.522814596803367,0.5,0.7072832662221441,0.9321165263127452,0.8196998962674449,True,chr22:38199249:38199819,True,1|0,H2,True,MTA2,22,22:38199253,22,38199253,rs5750561,A,T,22:38199253:A:T,1|0,FOXK2,bound>unbound,22:38199253:A:T
2:189527195:A:C,chr2,189527195,A,C,36,9,45,0.8,0.506790295100172,0.5,0.667399722334652,0.8823033327470079,0.77485152754083,True,chr2:189526816:189527406,True,1|0,H2,True,IKZF1,2,2:189527195,2,189527195,rs35078179,A,C,2:189527195:A:C,1|0,FOXK2,bound>unbound,2:189527195:A:C
4:95985413:A:T,chr4,95985413,A,T,1,13,14,0.0714285714285714,0.520668238635052,0.5,0.0281323578748476,0.344805730301572,0.18646904408820997,True,chr4:95984983:95985573,True,0|1,H2,True,IKZF1,4,4:95985413,4,95985413,rs263071,A,T,4:95985413:A:T,0|1,POU2F2,unbound>bound,4:95985413:A:T
6:31272283:A:G,chr6,31272283,A,G,76,23,99,0.767676767676768,0.5132142450394059,0.5,0.6719992815854541,0.833154681586033,0.7525769815857429,True,chr6:31272069:31272435,True,0|1,H1,True,IKZF1,6,6:31272283,6,31272283,rs2844622,A,G,6:31272283:A:G,0|1,FOXK2,bound>unbound,6:31272283:A:G
6:31272283:A:G,chr6,31272283,A,G,57,15,72,0.791666666666667,0.515931483416933,0.5,0.673592623470322,0.8585211949504009,0.766056909210362,True,chr6:31271839:31272439,True,0|1,H1,True,IKZF2,6,6:31272283,6,31272283,rs2844622,A,G,6:31272283:A:G,0|1,FOXK2,bound>unbound,6:31272283:A:G
6:31272283:A:G,chr6,31272283,A,G,24,1,25,0.96,0.5201908152933139,0.5,0.7966195186386541,0.987786014662275,0.8922027666504649,True,chr6:31271829:31272285,True,0|1,H1,True,ZNF687,6,6:31272283,6,31272283,rs2844622,A,G,6:31272283:A:G,0|1,FOXK2,bound>unbound,6:31272283:A:G
6:31272283:A:G,chr6,31272283,A,G,38,3,41,0.9268292682926828,0.505726310915926,0.5,0.801137900982078,0.9701233994527221,0.8856306502174001,True,chr6:31271962:31272566,True,0|1,H1,True,RELB,6,6:31272283,6,31272283,rs2844622,A,G,6:31272283:A:G,0|1,FOXK2,bound>unbound,6:31272283:A:G
6:31272283:A:G,chr6,31272283,A,G,55,13,68,0.808823529411765,0.5158377557020001,0.5,0.6989470840768671,0.8801012082398051,0.789524146158336,True,chr6:31272004:31272584,True,0|1,H1,True,MEF2B,6,6:31272283,6,31272283,rs2844622,A,G,6:31272283:A:G,0|1,FOXK2,bound>unbound,6:31272283:A:G
1:170669517:C:A,chr1,170669517,C,A,48,8,56,0.857142857142857,0.503802292427946,0.5,0.738075759154569,0.9164487159724599,0.8272622375635139,True,chr1:170669350:170669663,True,0|1,H1,True,MLLT1,1,1:170669517,1,170669517,rs10919449,C,A,1:170669517:C:A,0|1,KLF5,bound>unbound,1:170669517:C:A
3:72348128:A:G,chr3,72348128,A,G,41,5,46,0.891304347826087,0.515744310801999,0.5,0.76153424954199,0.943675235032002,0.8526047422869959,True,chr3:72347874:72348424,True,1|0,H2,True,IKZF2,3,3:72348128,3,72348128,rs9809116,A,G,3:72348128:A:G,1|0,FOXK2,bound>unbound,3:72348128:A:G
3:72348128:A:G,chr3,72348128,A,G,55,18,73,0.753424657534247,0.515931483416933,0.5,0.640553448031613,0.828137225079014,0.734345336555313,True,chr3:72347843:72348443,True,1|0,H2,True,IKZF2,3,3:72348128,3,72348128,rs9809116,A,G,3:72348128:A:G,1|0,FOXK2,bound>unbound,3:72348128:A:G
3:72348128:A:G,chr3,72348128,A,G,62,20,82,0.75609756097561,0.50787666590011,0.5,0.651974440607717,0.833556524485523,0.7427654825466199,True,chr3:72347996:72348299,True,1|0,H2,True,IKZF1,3,3:72348128,3,72348128,rs9809116,A,G,3:72348128:A:G,1|0,FOXK2,bound>unbound,3:72348128:A:G
3:72348128:A:G,chr3,72348128,A,G,438,177,615,0.7121951219512191,0.4994373415691529,0.5,0.671372918324728,0.756574109616497,0.713973513970612,True,chr3:72347910:72348354,True,1|0,H2,True,BHLHE40,3,3:72348128,3,72348128,rs9809116,A,G,3:72348128:A:G,1|0,FOXK2,bound>unbound,3:72348128:A:G
3:72348128:A:G,chr3,72348128,A,G,39,9,48,0.8125,0.5108296456580179,0.5,0.682746841254423,0.885980650688359,0.784363745971391,True,chr3:72347970:72348426,True,1|0,H2,True,ELF1,3,3:72348128,3,72348128,rs9809116,A,G,3:72348128:A:G,1|0,FOXK2,bound>unbound,3:72348128:A:G
6:32623176:T:C,chr6,32623176,T,C,151,41,192,0.786458333333333,0.5213393142663371,0.5,0.7181675941251221,0.837330548700732,0.777749071412927,True,chr6:32623067:32623283,True,0|1,H1,True,SRF,6,6:32623176,6,32623176,rs9271588,T,C,6:32623176:T:C,0|1,POU2F2,bound>unbound,6:32623176:T:C
6:31739073:A:T,chr6,31739073,A,T,3,20,23,0.130434782608696,0.529167553488655,0.5,0.0668216854380899,0.347245677153185,0.207033681295637,True,chr6:31738842:31739290,True,0|1,H2,True,ATF7,6,6:31739073,6,31739073,rs2736154,A,T,6:31739073:A:T,0|1,ARID3A,unbound>bound,6:31739073:A:T
6:31739073:A:T,chr6,31739073,A,T,4,25,29,0.137931034482759,0.528197313405004,0.5,0.0742947471162075,0.31899105036960995,0.196642898742909,True,chr6:31738615:31739190,True,0|1,H2,True,RELB,6,6:31739073,6,31739073,rs2736154,A,T,6:31739073:A:T,0|1,ARID3A,unbound>bound,6:31739073:A:T
1:172381067:A:G,chr1,172381067,A,G,71,32,103,0.689320388349515,0.5110859600065489,0.5,0.6026887764641401,0.767189557068952,0.6849391667665461,True,chr1:172380815:172381287,True,0|1,H1,True,TBX21,1,1:172381067,1,172381067,rs768019,A,G,1:172381067:A:G,0|1,FOXM1,bound>unbound,1:172381067:A:G
3:9933702:C:G,chr3,9933702,C,G,11,1,12,0.916666666666667,0.79327731092437,0.5,0.7587472531121551,0.9990792683665892,0.878913260739372,True,chr3:9933582:9933797,True,0|1,H1,True,SIN3A,3,3:9933702,3,9933702,rs2270894,C,G,3:9933702:C:G,0|1,FOXK2,bound>unbound,3:9933702:C:G
5:68446211:G:A,chr5,68446211,G,A,15,60,75,0.2,0.5138249355738811,0.5,0.138765246313038,0.301822929957835,0.220294088135437,True,chr5:68445954:68446294,True,1|0,H1,True,ZNF24,5,5:68446211,5,68446211,rs55938024,G,A,5:68446211:G:A,1|0,ARID3A,unbound>bound,5:68446211:G:A
17:58680223:G:A,chr17,58680223,G,A,8,1,9,0.8888888888888891,0.8672556442257181,0.5,0.7179433411747651,0.999683773348479,0.8588135572616221,True,chr17:58679988:58680308,True,1|0,H2,True,EBF1,17,17:58680223,17,58680223,rs302864,G,A,17:58680223:G:A,1|0,FOXM1,bound>unbound,17:58680223:G:A
7:100219573:G:T,chr7,100219573,G,T,16,2,18,0.8888888888888891,0.5166460825254771,0.5,0.671044261129847,0.9594493539043821,0.815246807517115,True,chr7:100219290:100219930,True,1|0,H2,True,IKZF1,7,7:100219573,7,100219573,rs17250196,G,T,7:100219573:G:T,1|0,FOXM1,bound>unbound,7:100219573:G:T
2:140015877:C:T,chr2,140015877,C,T,28,4,32,0.875,0.5192060352787229,0.5,0.729275703204167,0.9467639449816908,0.8380198240929291,True,chr2:140015653:140016223,True,0|1,H1,True,MTA2,2,2:140015877,2,140015877,rs12623054,C,T,2:140015877:C:T,0|1,FOXM1,bound>unbound,2:140015877:C:T
2:140015877:C:T,chr2,140015877,C,T,28,2,30,0.933333333333333,0.517938621415625,0.5,0.782531022192364,0.9813907390081379,0.8819608806002509,True,chr2:140015506:140016086,True,0|1,H1,True,MEF2B,2,2:140015877,2,140015877,rs12623054,C,T,2:140015877:C:T,0|1,FOXM1,bound>unbound,2:140015877:C:T
13:99912254:G:A,chr13,99912254,G,A,1,10,11,0.0909090909090909,0.517279717701716,0.5,0.0354115809846017,0.399987273407017,0.217699427195809,True,chr13:99911915:99912371,True,1|0,H1,True,ELF1,13,13:99912254,13,99912254,rs9517913,G,A,13:99912254:G:A,1|0,POU2F2,unbound>bound,13:99912254:G:A
