ID,CHROM,POS,REF,ALT,REF.counts,ALT.counts,Total.counts,AR,RMbias,RAF,Bayes_lower,Bayes_upper,Corrected.AR,isASB,peak_name,Allvar.isASB,genotype,asb_allele,peak.isASB,TF,chr,loc,chr_GC,pos,ID_GC,ref,alt,loc_GC,genotype_GC,TF_gene,binding_status,ID_pos,genotype_yri
1:161566341:C:T,chr1,161566341,C,T,8,1,9,0.8888888888888891,0.8497250162515899,0.5,0.711797100142085,0.999048325332546,0.855422712737315,True,chr1:161566240:161566510,True,0|1,H1,True,SMC3,1,1:161566341,1,161566341,rs332398,C,T,1:161566341:C:T,0|1,FOXM1,bound>unbound,1:161566341:C:T,0|1
1:161566341:C:T,chr1,161566341,C,T,8,1,9,0.8888888888888891,0.8497250162515899,0.5,0.711797100142085,0.999048325332546,0.855422712737315,True,chr1:161566240:161566510,True,0|1,H1,True,SMC3,1,1:161566341,1,161566341,rs332398,C,T,1:161566341:C:T,0|1,FOXM1,bound>unbound,1:161566341:C:T,0|1
1:161566341:C:T,chr1,161566341,C,T,8,1,9,0.8888888888888891,0.8497250162515899,0.5,0.711797100142085,0.999048325332546,0.855422712737315,True,chr1:161566240:161566510,True,0|1,H1,True,SMC3,1,1:161566341,1,161566341,rs332398,C,T,1:161566341:C:T,0|1,FOXM1,bound>unbound,1:161566341:C:T,0|1
1:161566341:C:T,chr1,161566341,C,T,30,4,34,0.882352941176471,0.517697530327046,0.5,0.734037350863103,0.9378971336252799,0.8359672422441908,True,chr1:161566126:161566570,True,0|1,H1,True,TRIM22,1,1:161566341,1,161566341,rs332398,C,T,1:161566341:C:T,0|1,FOXM1,bound>unbound,1:161566341:C:T,0|1
1:161566341:C:T,chr1,161566341,C,T,30,4,34,0.882352941176471,0.517697530327046,0.5,0.734037350863103,0.9378971336252799,0.8359672422441908,True,chr1:161566126:161566570,True,0|1,H1,True,TRIM22,1,1:161566341,1,161566341,rs332398,C,T,1:161566341:C:T,0|1,FOXM1,bound>unbound,1:161566341:C:T,0|1
1:161566341:C:T,chr1,161566341,C,T,30,4,34,0.882352941176471,0.517697530327046,0.5,0.734037350863103,0.9378971336252799,0.8359672422441908,True,chr1:161566126:161566570,True,0|1,H1,True,TRIM22,1,1:161566341,1,161566341,rs332398,C,T,1:161566341:C:T,0|1,FOXM1,bound>unbound,1:161566341:C:T,0|1
10:124791987:T:C,chr10,124791987,T,C,46,1,47,0.9787234042553192,0.891830829508772,0.5,0.9359888565476858,0.999791136838904,0.9678899966932952,True,chr10:124791528:124792345,True,0|1,H1,True,POLR2A,10,10:124791987,10,124791987,rs10901821,T,C,10:124791987:T:C,0|1,FOXM1,bound>unbound,10:124791987:T:C,1|0
10:124791987:T:C,chr10,124791987,T,C,46,1,47,0.9787234042553192,0.891830829508772,0.5,0.9359888565476858,0.999791136838904,0.9678899966932952,True,chr10:124791528:124792345,True,0|1,H1,True,POLR2A,10,10:124791987,10,124791987,rs10901821,T,C,10:124791987:T:C,0|1,FOXM1,bound>unbound,10:124791987:T:C,1|0
10:124791987:T:C,chr10,124791987,T,C,46,1,47,0.9787234042553192,0.891830829508772,0.5,0.9359888565476858,0.999791136838904,0.9678899966932952,True,chr10:124791528:124792345,True,0|1,H1,True,POLR2A,10,10:124791987,10,124791987,rs10901821,T,C,10:124791987:T:C,0|1,FOXM1,bound>unbound,10:124791987:T:C,1|0
10:124791987:T:C,chr10,124791987,T,C,46,1,47,0.9787234042553192,0.891830829508772,0.5,0.9359888565476858,0.999791136838904,0.9678899966932952,True,chr10:124791528:124792345,True,0|1,H1,True,POLR2A,10,10:124791987,10,124791987,rs10901821,T,C,10:124791987:T:C,0|1,FOXM1,bound>unbound,10:124791987:T:C,1|0
10:124791987:T:C,chr10,124791987,T,C,21,1,22,0.954545454545455,0.880416191009239,0.5,0.874211351573032,0.999945949245168,0.9370786504090999,True,chr10:124791767:124792036,True,0|1,H1,True,ZNF143,10,10:124791987,10,124791987,rs10901821,T,C,10:124791987:T:C,0|1,FOXM1,bound>unbound,10:124791987:T:C,1|0
10:124791987:T:C,chr10,124791987,T,C,21,1,22,0.954545454545455,0.880416191009239,0.5,0.874211351573032,0.999945949245168,0.9370786504090999,True,chr10:124791767:124792036,True,0|1,H1,True,ZNF143,10,10:124791987,10,124791987,rs10901821,T,C,10:124791987:T:C,0|1,FOXM1,bound>unbound,10:124791987:T:C,1|0
10:124791987:T:C,chr10,124791987,T,C,21,1,22,0.954545454545455,0.880416191009239,0.5,0.874211351573032,0.999945949245168,0.9370786504090999,True,chr10:124791767:124792036,True,0|1,H1,True,ZNF143,10,10:124791987,10,124791987,rs10901821,T,C,10:124791987:T:C,0|1,FOXM1,bound>unbound,10:124791987:T:C,1|0
10:124791987:T:C,chr10,124791987,T,C,21,1,22,0.954545454545455,0.880416191009239,0.5,0.874211351573032,0.999945949245168,0.9370786504090999,True,chr10:124791767:124792036,True,0|1,H1,True,ZNF143,10,10:124791987,10,124791987,rs10901821,T,C,10:124791987:T:C,0|1,FOXM1,bound>unbound,10:124791987:T:C,1|0
12:108730938:A:G,chr12,108730938,A,G,10,1,11,0.9090909090909092,0.8962962437431841,0.5,0.766546549450559,0.9999996012685728,0.8832730753595659,True,chr12:108730324:108731219,True,1|0,H2,True,POLR2A,12,12:108730938,12,108730938,rs11114042,A,G,12:108730938:A:G,1|0,FOXK2,bound>unbound,12:108730938:A:G,1|0
22:37633716:A:G,chr22,37633716,A,G,12,1,13,0.923076923076923,0.8962962437431841,0.5,0.799973700069201,0.999934456889712,0.8999540784794559,True,chr22:37633533:37634361,True,1|0,H2,True,POLR2A,22,22:37633716,22,37633716,rs12710562,A,G,22:37633716:A:G,1|0,FOXM1,bound>unbound,22:37633716:A:G,1|0
22:37633716:A:G,chr22,37633716,A,G,12,1,13,0.923076923076923,0.8962962437431841,0.5,0.799973700069201,0.999934456889712,0.8999540784794559,True,chr22:37633533:37634361,True,1|0,H2,True,POLR2A,22,22:37633716,22,37633716,rs12710562,A,G,22:37633716:A:G,1|0,FOXM1,bound>unbound,22:37633716:A:G,1|0
22:37633716:A:G,chr22,37633716,A,G,12,1,13,0.923076923076923,0.8962962437431841,0.5,0.799973700069201,0.999934456889712,0.8999540784794559,True,chr22:37633533:37634361,True,1|0,H2,True,POLR2A,22,22:37633716,22,37633716,rs12710562,A,G,22:37633716:A:G,1|0,FOXM1,bound>unbound,22:37633716:A:G,1|0
22:37633716:A:G,chr22,37633716,A,G,12,1,13,0.923076923076923,0.8962962437431841,0.5,0.799973700069201,0.999934456889712,0.8999540784794559,True,chr22:37633533:37634361,True,1|0,H2,True,POLR2A,22,22:37633716,22,37633716,rs12710562,A,G,22:37633716:A:G,1|0,FOXM1,bound>unbound,22:37633716:A:G,1|0
22:37633716:A:G,chr22,37633716,A,G,12,1,13,0.923076923076923,0.8962962437431841,0.5,0.799973700069201,0.999934456889712,0.8999540784794559,True,chr22:37633533:37634361,True,1|0,H2,True,POLR2A,22,22:37633716,22,37633716,rs12710562,A,G,22:37633716:A:G,1|0,FOXM1,bound>unbound,22:37633716:A:G,1|0
22:37633716:A:G,chr22,37633716,A,G,12,1,13,0.923076923076923,0.8962962437431841,0.5,0.799973700069201,0.999934456889712,0.8999540784794559,True,chr22:37633533:37634361,True,1|0,H2,True,POLR2A,22,22:37633716,22,37633716,rs12710562,A,G,22:37633716:A:G,1|0,FOXM1,bound>unbound,22:37633716:A:G,1|0
22:37633716:A:G,chr22,37633716,A,G,12,1,13,0.923076923076923,0.8962962437431841,0.5,0.799973700069201,0.999934456889712,0.8999540784794559,True,chr22:37633533:37634361,True,1|0,H2,True,POLR2A,22,22:37633716,22,37633716,rs12710562,A,G,22:37633716:A:G,1|0,FOXM1,bound>unbound,22:37633716:A:G,1|0
22:37633716:A:G,chr22,37633716,A,G,12,1,13,0.923076923076923,0.8962962437431841,0.5,0.799973700069201,0.999934456889712,0.8999540784794559,True,chr22:37633533:37634361,True,1|0,H2,True,POLR2A,22,22:37633716,22,37633716,rs12710562,A,G,22:37633716:A:G,1|0,FOXK2,bound>unbound,22:37633716:A:G,1|0
22:37633716:A:G,chr22,37633716,A,G,12,1,13,0.923076923076923,0.8962962437431841,0.5,0.799973700069201,0.999934456889712,0.8999540784794559,True,chr22:37633533:37634361,True,1|0,H2,True,POLR2A,22,22:37633716,22,37633716,rs12710562,A,G,22:37633716:A:G,1|0,FOXK2,bound>unbound,22:37633716:A:G,1|0
22:37633716:A:G,chr22,37633716,A,G,12,1,13,0.923076923076923,0.8962962437431841,0.5,0.799973700069201,0.999934456889712,0.8999540784794559,True,chr22:37633533:37634361,True,1|0,H2,True,POLR2A,22,22:37633716,22,37633716,rs12710562,A,G,22:37633716:A:G,1|0,FOXK2,bound>unbound,22:37633716:A:G,1|0
22:37633716:A:G,chr22,37633716,A,G,12,1,13,0.923076923076923,0.8962962437431841,0.5,0.799973700069201,0.999934456889712,0.8999540784794559,True,chr22:37633533:37634361,True,1|0,H2,True,POLR2A,22,22:37633716,22,37633716,rs12710562,A,G,22:37633716:A:G,1|0,FOXK2,bound>unbound,22:37633716:A:G,1|0
22:37633716:A:G,chr22,37633716,A,G,12,1,13,0.923076923076923,0.8962962437431841,0.5,0.799973700069201,0.999934456889712,0.8999540784794559,True,chr22:37633533:37634361,True,1|0,H2,True,POLR2A,22,22:37633716,22,37633716,rs12710562,A,G,22:37633716:A:G,1|0,FOXK2,bound>unbound,22:37633716:A:G,1|0
22:37633716:A:G,chr22,37633716,A,G,12,1,13,0.923076923076923,0.8962962437431841,0.5,0.799973700069201,0.999934456889712,0.8999540784794559,True,chr22:37633533:37634361,True,1|0,H2,True,POLR2A,22,22:37633716,22,37633716,rs12710562,A,G,22:37633716:A:G,1|0,FOXK2,bound>unbound,22:37633716:A:G,1|0
22:37633716:A:G,chr22,37633716,A,G,12,1,13,0.923076923076923,0.8962962437431841,0.5,0.799973700069201,0.999934456889712,0.8999540784794559,True,chr22:37633533:37634361,True,1|0,H2,True,POLR2A,22,22:37633716,22,37633716,rs12710562,A,G,22:37633716:A:G,1|0,FOXK2,bound>unbound,22:37633716:A:G,1|0
22:37633716:A:G,chr22,37633716,A,G,16,2,18,0.8888888888888891,0.721413420802736,0.5,0.7296288786785141,0.983978706269258,0.856803792473886,True,chr22:37633625:37633865,True,1|0,H2,True,SRF,22,22:37633716,22,37633716,rs12710562,A,G,22:37633716:A:G,1|0,FOXM1,bound>unbound,22:37633716:A:G,1|0
22:37633716:A:G,chr22,37633716,A,G,16,2,18,0.8888888888888891,0.721413420802736,0.5,0.7296288786785141,0.983978706269258,0.856803792473886,True,chr22:37633625:37633865,True,1|0,H2,True,SRF,22,22:37633716,22,37633716,rs12710562,A,G,22:37633716:A:G,1|0,FOXM1,bound>unbound,22:37633716:A:G,1|0
22:37633716:A:G,chr22,37633716,A,G,16,2,18,0.8888888888888891,0.721413420802736,0.5,0.7296288786785141,0.983978706269258,0.856803792473886,True,chr22:37633625:37633865,True,1|0,H2,True,SRF,22,22:37633716,22,37633716,rs12710562,A,G,22:37633716:A:G,1|0,FOXM1,bound>unbound,22:37633716:A:G,1|0
22:37633716:A:G,chr22,37633716,A,G,16,2,18,0.8888888888888891,0.721413420802736,0.5,0.7296288786785141,0.983978706269258,0.856803792473886,True,chr22:37633625:37633865,True,1|0,H2,True,SRF,22,22:37633716,22,37633716,rs12710562,A,G,22:37633716:A:G,1|0,FOXM1,bound>unbound,22:37633716:A:G,1|0
22:37633716:A:G,chr22,37633716,A,G,16,2,18,0.8888888888888891,0.721413420802736,0.5,0.7296288786785141,0.983978706269258,0.856803792473886,True,chr22:37633625:37633865,True,1|0,H2,True,SRF,22,22:37633716,22,37633716,rs12710562,A,G,22:37633716:A:G,1|0,FOXM1,bound>unbound,22:37633716:A:G,1|0
22:37633716:A:G,chr22,37633716,A,G,16,2,18,0.8888888888888891,0.721413420802736,0.5,0.7296288786785141,0.983978706269258,0.856803792473886,True,chr22:37633625:37633865,True,1|0,H2,True,SRF,22,22:37633716,22,37633716,rs12710562,A,G,22:37633716:A:G,1|0,FOXM1,bound>unbound,22:37633716:A:G,1|0
22:37633716:A:G,chr22,37633716,A,G,16,2,18,0.8888888888888891,0.721413420802736,0.5,0.7296288786785141,0.983978706269258,0.856803792473886,True,chr22:37633625:37633865,True,1|0,H2,True,SRF,22,22:37633716,22,37633716,rs12710562,A,G,22:37633716:A:G,1|0,FOXM1,bound>unbound,22:37633716:A:G,1|0
22:37633716:A:G,chr22,37633716,A,G,16,2,18,0.8888888888888891,0.721413420802736,0.5,0.7296288786785141,0.983978706269258,0.856803792473886,True,chr22:37633625:37633865,True,1|0,H2,True,SRF,22,22:37633716,22,37633716,rs12710562,A,G,22:37633716:A:G,1|0,FOXK2,bound>unbound,22:37633716:A:G,1|0
22:37633716:A:G,chr22,37633716,A,G,16,2,18,0.8888888888888891,0.721413420802736,0.5,0.7296288786785141,0.983978706269258,0.856803792473886,True,chr22:37633625:37633865,True,1|0,H2,True,SRF,22,22:37633716,22,37633716,rs12710562,A,G,22:37633716:A:G,1|0,FOXK2,bound>unbound,22:37633716:A:G,1|0
22:37633716:A:G,chr22,37633716,A,G,16,2,18,0.8888888888888891,0.721413420802736,0.5,0.7296288786785141,0.983978706269258,0.856803792473886,True,chr22:37633625:37633865,True,1|0,H2,True,SRF,22,22:37633716,22,37633716,rs12710562,A,G,22:37633716:A:G,1|0,FOXK2,bound>unbound,22:37633716:A:G,1|0
22:37633716:A:G,chr22,37633716,A,G,16,2,18,0.8888888888888891,0.721413420802736,0.5,0.7296288786785141,0.983978706269258,0.856803792473886,True,chr22:37633625:37633865,True,1|0,H2,True,SRF,22,22:37633716,22,37633716,rs12710562,A,G,22:37633716:A:G,1|0,FOXK2,bound>unbound,22:37633716:A:G,1|0
22:37633716:A:G,chr22,37633716,A,G,16,2,18,0.8888888888888891,0.721413420802736,0.5,0.7296288786785141,0.983978706269258,0.856803792473886,True,chr22:37633625:37633865,True,1|0,H2,True,SRF,22,22:37633716,22,37633716,rs12710562,A,G,22:37633716:A:G,1|0,FOXK2,bound>unbound,22:37633716:A:G,1|0
22:37633716:A:G,chr22,37633716,A,G,16,2,18,0.8888888888888891,0.721413420802736,0.5,0.7296288786785141,0.983978706269258,0.856803792473886,True,chr22:37633625:37633865,True,1|0,H2,True,SRF,22,22:37633716,22,37633716,rs12710562,A,G,22:37633716:A:G,1|0,FOXK2,bound>unbound,22:37633716:A:G,1|0
22:37633716:A:G,chr22,37633716,A,G,16,2,18,0.8888888888888891,0.721413420802736,0.5,0.7296288786785141,0.983978706269258,0.856803792473886,True,chr22:37633625:37633865,True,1|0,H2,True,SRF,22,22:37633716,22,37633716,rs12710562,A,G,22:37633716:A:G,1|0,FOXK2,bound>unbound,22:37633716:A:G,1|0
7:105012818:A:G,chr7,105012818,A,G,48,4,52,0.923076923076923,0.8962962437431841,0.5,0.8618989220048159,0.989460040328071,0.9256794811664428,True,chr7:105012272:105014756,True,0|1,H1,True,POLR2A,7,7:105012818,7,105012818,rs2192932,A,G,7:105012818:A:G,0|1,FOXK2,bound>unbound,7:105012818:A:G,1|0
7:105012818:A:G,chr7,105012818,A,G,48,4,52,0.923076923076923,0.8962962437431841,0.5,0.8618989220048159,0.989460040328071,0.9256794811664428,True,chr7:105012272:105014756,True,0|1,H1,True,POLR2A,7,7:105012818,7,105012818,rs2192932,A,G,7:105012818:A:G,0|1,FOXK2,bound>unbound,7:105012818:A:G,1|0
7:105012818:A:G,chr7,105012818,A,G,48,4,52,0.923076923076923,0.8962962437431841,0.5,0.8618989220048159,0.989460040328071,0.9256794811664428,True,chr7:105012272:105014756,True,0|1,H1,True,POLR2A,7,7:105012818,7,105012818,rs2192932,A,G,7:105012818:A:G,0|1,FOXK2,bound>unbound,7:105012818:A:G,1|0
5:177412897:T:C,chr5,177412897,T,C,10,1,11,0.9090909090909092,0.526980029300684,0.5,0.61859593856595,0.974491827847931,0.79654388320694,True,chr5:177412768:177413252,True,0|1,H1,True,EED,5,5:177412897,5,177412897,rs2731673,T,C,5:177412897:T:C,0|1,POU2F2,bound>unbound,5:177412897:T:C,0|1
5:177412897:T:C,chr5,177412897,T,C,10,1,11,0.9090909090909092,0.526980029300684,0.5,0.61859593856595,0.974491827847931,0.79654388320694,True,chr5:177412768:177413252,True,0|1,H1,True,EED,5,5:177412897,5,177412897,rs2731673,T,C,5:177412897:T:C,0|1,POU2F2,bound>unbound,5:177412897:T:C,0|1
5:177412897:T:C,chr5,177412897,T,C,10,1,11,0.9090909090909092,0.526980029300684,0.5,0.61859593856595,0.974491827847931,0.79654388320694,True,chr5:177412768:177413252,True,0|1,H1,True,EED,5,5:177412897,5,177412897,rs2731673,T,C,5:177412897:T:C,0|1,POU2F2,bound>unbound,5:177412897:T:C,0|1
5:177412897:T:C,chr5,177412897,T,C,10,1,11,0.9090909090909092,0.526980029300684,0.5,0.61859593856595,0.974491827847931,0.79654388320694,True,chr5:177412768:177413252,True,0|1,H1,True,EED,5,5:177412897,5,177412897,rs2731673,T,C,5:177412897:T:C,0|1,POU2F2,bound>unbound,5:177412897:T:C,0|1
5:177412897:T:C,chr5,177412897,T,C,10,1,11,0.9090909090909092,0.526980029300684,0.5,0.61859593856595,0.974491827847931,0.79654388320694,True,chr5:177412768:177413252,True,0|1,H1,True,EED,5,5:177412897,5,177412897,rs2731673,T,C,5:177412897:T:C,0|1,POU2F2,bound>unbound,5:177412897:T:C,0|1
5:177412897:T:C,chr5,177412897,T,C,10,1,11,0.9090909090909092,0.526980029300684,0.5,0.61859593856595,0.974491827847931,0.79654388320694,True,chr5:177412768:177413252,True,0|1,H1,True,EED,5,5:177412897,5,177412897,rs2731673,T,C,5:177412897:T:C,0|1,POU2F2,bound>unbound,5:177412897:T:C,0|1
19:19405624:A:G,chr19,19405624,A,G,15,2,17,0.882352941176471,0.5223488370552329,0.5,0.655734710278428,0.9503794258938579,0.803057068086143,True,chr19:19405466:19405676,True,0|1,H1,True,EGR1,19,19:19405624,19,19405624,rs2916068,A,G,19:19405624:A:G,0|1,FOXK2,bound>unbound,19:19405624:A:G,1|0
19:19405624:A:G,chr19,19405624,A,G,15,2,17,0.882352941176471,0.5223488370552329,0.5,0.655734710278428,0.9503794258938579,0.803057068086143,True,chr19:19405466:19405676,True,0|1,H1,True,EGR1,19,19:19405624,19,19405624,rs2916068,A,G,19:19405624:A:G,0|1,FOXK2,bound>unbound,19:19405624:A:G,1|0
6:31272283:A:G,chr6,31272283,A,G,76,23,99,0.767676767676768,0.5132142450394059,0.5,0.6719992815854541,0.833154681586033,0.7525769815857429,True,chr6:31272069:31272435,True,0|1,H1,True,IKZF1,6,6:31272283,6,31272283,rs2844622,A,G,6:31272283:A:G,0|1,FOXK2,bound>unbound,6:31272283:A:G,0|1
6:31272283:A:G,chr6,31272283,A,G,76,23,99,0.767676767676768,0.5132142450394059,0.5,0.6719992815854541,0.833154681586033,0.7525769815857429,True,chr6:31272069:31272435,True,0|1,H1,True,IKZF1,6,6:31272283,6,31272283,rs2844622,A,G,6:31272283:A:G,0|1,FOXK2,bound>unbound,6:31272283:A:G,0|1
6:31272283:A:G,chr6,31272283,A,G,57,15,72,0.791666666666667,0.515931483416933,0.5,0.673592623470322,0.8585211949504009,0.766056909210362,True,chr6:31271839:31272439,True,0|1,H1,True,IKZF2,6,6:31272283,6,31272283,rs2844622,A,G,6:31272283:A:G,0|1,FOXK2,bound>unbound,6:31272283:A:G,0|1
6:31272283:A:G,chr6,31272283,A,G,57,15,72,0.791666666666667,0.515931483416933,0.5,0.673592623470322,0.8585211949504009,0.766056909210362,True,chr6:31271839:31272439,True,0|1,H1,True,IKZF2,6,6:31272283,6,31272283,rs2844622,A,G,6:31272283:A:G,0|1,FOXK2,bound>unbound,6:31272283:A:G,0|1
6:31272283:A:G,chr6,31272283,A,G,24,1,25,0.96,0.5201908152933139,0.5,0.7966195186386541,0.987786014662275,0.8922027666504649,True,chr6:31271829:31272285,True,0|1,H1,True,ZNF687,6,6:31272283,6,31272283,rs2844622,A,G,6:31272283:A:G,0|1,FOXK2,bound>unbound,6:31272283:A:G,0|1
6:31272283:A:G,chr6,31272283,A,G,24,1,25,0.96,0.5201908152933139,0.5,0.7966195186386541,0.987786014662275,0.8922027666504649,True,chr6:31271829:31272285,True,0|1,H1,True,ZNF687,6,6:31272283,6,31272283,rs2844622,A,G,6:31272283:A:G,0|1,FOXK2,bound>unbound,6:31272283:A:G,0|1
6:31272283:A:G,chr6,31272283,A,G,38,3,41,0.9268292682926828,0.505726310915926,0.5,0.801137900982078,0.9701233994527221,0.8856306502174001,True,chr6:31271962:31272566,True,0|1,H1,True,RELB,6,6:31272283,6,31272283,rs2844622,A,G,6:31272283:A:G,0|1,FOXK2,bound>unbound,6:31272283:A:G,0|1
6:31272283:A:G,chr6,31272283,A,G,38,3,41,0.9268292682926828,0.505726310915926,0.5,0.801137900982078,0.9701233994527221,0.8856306502174001,True,chr6:31271962:31272566,True,0|1,H1,True,RELB,6,6:31272283,6,31272283,rs2844622,A,G,6:31272283:A:G,0|1,FOXK2,bound>unbound,6:31272283:A:G,0|1
6:31272283:A:G,chr6,31272283,A,G,55,13,68,0.808823529411765,0.5158377557020001,0.5,0.6989470840768671,0.8801012082398051,0.789524146158336,True,chr6:31272004:31272584,True,0|1,H1,True,MEF2B,6,6:31272283,6,31272283,rs2844622,A,G,6:31272283:A:G,0|1,FOXK2,bound>unbound,6:31272283:A:G,0|1
6:31272283:A:G,chr6,31272283,A,G,55,13,68,0.808823529411765,0.5158377557020001,0.5,0.6989470840768671,0.8801012082398051,0.789524146158336,True,chr6:31272004:31272584,True,0|1,H1,True,MEF2B,6,6:31272283,6,31272283,rs2844622,A,G,6:31272283:A:G,0|1,FOXK2,bound>unbound,6:31272283:A:G,0|1
1:170669517:C:A,chr1,170669517,C,A,48,8,56,0.857142857142857,0.503802292427946,0.5,0.738075759154569,0.9164487159724599,0.8272622375635139,True,chr1:170669350:170669663,True,0|1,H1,True,MLLT1,1,1:170669517,1,170669517,rs10919449,C,A,1:170669517:C:A,0|1,KLF5,bound>unbound,1:170669517:C:A,0|1
1:170669517:C:A,chr1,170669517,C,A,48,8,56,0.857142857142857,0.503802292427946,0.5,0.738075759154569,0.9164487159724599,0.8272622375635139,True,chr1:170669350:170669663,True,0|1,H1,True,MLLT1,1,1:170669517,1,170669517,rs10919449,C,A,1:170669517:C:A,0|1,KLF5,bound>unbound,1:170669517:C:A,0|1
6:32623176:T:C,chr6,32623176,T,C,151,41,192,0.786458333333333,0.5213393142663371,0.5,0.7181675941251221,0.837330548700732,0.777749071412927,True,chr6:32623067:32623283,True,0|1,H1,True,SRF,6,6:32623176,6,32623176,rs9271588,T,C,6:32623176:T:C,0|1,POU2F2,bound>unbound,6:32623176:T:C,1|0
6:32623176:T:C,chr6,32623176,T,C,151,41,192,0.786458333333333,0.5213393142663371,0.5,0.7181675941251221,0.837330548700732,0.777749071412927,True,chr6:32623067:32623283,True,0|1,H1,True,SRF,6,6:32623176,6,32623176,rs9271588,T,C,6:32623176:T:C,0|1,POU2F2,bound>unbound,6:32623176:T:C,1|0
6:32623176:T:C,chr6,32623176,T,C,151,41,192,0.786458333333333,0.5213393142663371,0.5,0.7181675941251221,0.837330548700732,0.777749071412927,True,chr6:32623067:32623283,True,0|1,H1,True,SRF,6,6:32623176,6,32623176,rs9271588,T,C,6:32623176:T:C,0|1,POU2F2,bound>unbound,6:32623176:T:C,1|0
6:32623176:T:C,chr6,32623176,T,C,151,41,192,0.786458333333333,0.5213393142663371,0.5,0.7181675941251221,0.837330548700732,0.777749071412927,True,chr6:32623067:32623283,True,0|1,H1,True,SRF,6,6:32623176,6,32623176,rs9271588,T,C,6:32623176:T:C,0|1,POU2F2,bound>unbound,6:32623176:T:C,1|0
